"ZIP.CODE","Name","Geographic.Unit","Median.Household.Income.2020.Estimated.","BOROUGH.NAME","mean_sale","lat","lng","city","state_id","state_name","zcta","parent_zcta","population","density","county_fips","county_name","county_weights","county_names_all","county_fips_all","imprecise","military","timezone","coordsx","coordsy"
"10001","10001, New York, NY","Zip Code",88726.765507077,"Manhattan",NA,40.75065,-73.99718,"New York","NY","New York",TRUE,NA,24117,15153.7,36061,"New York","{""36061"": ""100""}","New York","36061",FALSE,FALSE,"America/New_York",584656.385112973,4511561.07681472
"10002","10002, New York, NY","Zip Code",36528.70048599,"Manhattan",NA,40.7157,-73.98638,"New York","NY","New York",TRUE,NA,74479,32735.5,36061,"New York","{""36061"": ""100""}","New York","36061",FALSE,FALSE,"America/New_York",585612.909248475,4507691.8577264
"10003","10003, New York, NY","Zip Code",111096.9723191,"Manhattan",NA,40.7318,-73.98911,"New York","NY","New York",TRUE,NA,53977,36153.3,36061,"New York","{""36061"": ""100""}","New York","36061",FALSE,FALSE,"America/New_York",585361.74865914,4509476.40889996
"10004","10004, New York, NY","Zip Code",154770.49947494,"Manhattan",NA,40.69465,-74.02106,"New York","NY","New York",TRUE,NA,3335,2391.1,36061,"New York","{""36061"": ""100""}","New York","36061",FALSE,FALSE,"America/New_York",582709.744476992,4505321.94819696
"10005","10005, New York, NY","Zip Code",172478.01354738,"Manhattan",NA,40.70614,-74.00891,"New York","NY","New York",TRUE,NA,8701,46219.5,36061,"New York","{""36061"": ""100""}","New York","36061",FALSE,FALSE,"America/New_York",583721.9137254,4506608.91801696
"10006","10006, New York, NY","Zip Code",170669.8423283,"Manhattan",NA,40.70968,-74.01284,"New York","NY","New York",TRUE,NA,3092,12793.4,36061,"New York","{""36061"": ""100""}","New York","36061",FALSE,FALSE,"America/New_York",583385.507499329,4506998.14225127
"10007","10007, New York, NY","Zip Code",239390.2,"Manhattan",NA,40.71395,-74.00764,"New York","NY","New York",TRUE,NA,7408,17931.6,36061,"New York","{""36061"": ""100""}","New York","36061",FALSE,FALSE,"America/New_York",583819.403370407,4507477.08926415
"10009","10009, New York, NY","Zip Code",61473.648243885,"Manhattan",3200000,40.72633,-73.97861,"New York","NY","New York",TRUE,NA,58293,36487.5,36061,"New York","{""36061"": ""100""}","New York","36061",FALSE,FALSE,"America/New_York",586255.469079134,4508879.46293392
"10010","10010, New York, NY","Zip Code",120352.87619845,"Manhattan",NA,40.73911,-73.98265,"New York","NY","New York",TRUE,NA,35906,36324.6,36061,"New York","{""36061"": ""100""}","New York","36061",FALSE,FALSE,"America/New_York",585897.850261468,4510294.17107884
"10011","10011, New York, NY","Zip Code",130343.20919214,"Manhattan",2421900,40.74187,-74.00052,"New York","NY","New York",TRUE,NA,49949,29140.3,36061,"New York","{""36061"": ""100""}","New York","36061",FALSE,FALSE,"America/New_York",584385.522043614,4510583.21788549
"10012","10012, New York, NY","Zip Code",109572.58734851,"Manhattan",NA,40.72584,-73.998,"New York","NY","New York",TRUE,NA,23318,27849,36061,"New York","{""36061"": ""100""}","New York","36061",FALSE,FALSE,"America/New_York",584618.596259675,4508806.20287414
"10013","10013, New York, NY","Zip Code",108221.38328636,"Manhattan",NA,40.72022,-74.00463,"New York","NY","New York",TRUE,NA,28799,20208.6,36061,"New York","{""36061"": ""100""}","New York","36061",FALSE,FALSE,"America/New_York",584065.757678449,4508175.97731973
"10014","10014, New York, NY","Zip Code",130829.70567053,"Manhattan",2900000,40.73374,-74.00687,"New York","NY","New York",TRUE,NA,30344,21312.8,36061,"New York","{""36061"": ""100""}","New York","36061",FALSE,FALSE,"America/New_York",583859.596823819,4509674.64640431
"10016","10016, New York, NY","Zip Code",115240.28447969,"Manhattan",3468750,40.74515,-73.9783,"New York","NY","New York",TRUE,NA,52886,38374.2,36061,"New York","{""36061"": ""100""}","New York","36061",FALSE,FALSE,"America/New_York",586257.335350619,4510968.91998466
"10017","10017, New York, NY","Zip Code",127204.40395985,"Manhattan",NA,40.75221,-73.97251,"New York","NY","New York",TRUE,NA,15846,19302,36061,"New York","{""36061"": ""100""}","New York","36061",FALSE,FALSE,"America/New_York",586736.990848231,4511758.33777599
"10018","10018, New York, NY","Zip Code",110309.56156563,"Manhattan",NA,40.75533,-73.99311,"New York","NY","New York",TRUE,NA,8806,10530.3,36061,"New York","{""36061"": ""100""}","New York","36061",FALSE,FALSE,"America/New_York",584994.012507145,4512084.52480342
"10019","10019, New York, NY","Zip Code",100631.24015433,"Manhattan",NA,40.7657,-73.98706,"New York","NY","New York",TRUE,NA,45498,25210.6,36061,"New York","{""36061"": ""100""}","New York","36061",FALSE,FALSE,"America/New_York",585491.426810474,4513241.54941054
"10020","10020, New York, NY","Zip Code",NA,"Manhattan",NA,40.75906,-73.98026,"New York","NY","New York",TRUE,NA,0,0,36061,"New York","{""36061"": ""0""}","New York","36061",FALSE,FALSE,"America/New_York",586073.917421513,4512511.10769616
"10021","10021, New York, NY","Zip Code",123249.54375735,"Manhattan",NA,40.76939,-73.95871,"New York","NY","New York",TRUE,NA,44280,44872.8,36061,"New York","{""36061"": ""100""}","New York","36061",FALSE,FALSE,"America/New_York",587879.324123987,4513679.17928141
"10022","10022, New York, NY","Zip Code",137983.88057818,"Manhattan",3400000,40.75859,-73.96793,"New York","NY","New York",TRUE,NA,31130,28116.8,36061,"New York","{""36061"": ""100""}","New York","36061",FALSE,FALSE,"America/New_York",587115.294860726,4512471.10208327
"10023","10023, New York, NY","Zip Code",130540.06919553,"Manhattan",NA,40.77601,-73.98269,"New York","NY","New York",TRUE,NA,62541,49276.1,36061,"New York","{""36061"": ""100""}","New York","36061",FALSE,FALSE,"America/New_York",585846.985875009,4514390.30589563
"10024","10024, New York, NY","Zip Code",133096.46770702,"Manhattan",NA,40.79227,-73.97482,"New York","NY","New York",TRUE,NA,58102,26141,36061,"New York","{""36061"": ""100""}","New York","36061",FALSE,FALSE,"America/New_York",586490.017725053,4516203.02730036
"10025","10025, New York, NY","Zip Code",87375.14819946,"Manhattan",3450000,40.79857,-73.96659,"New York","NY","New York",TRUE,NA,92251,47387.6,36061,"New York","{""36061"": ""100""}","New York","36061",FALSE,FALSE,"America/New_York",587176.116236975,4516910.52913337
"10026","10026, New York, NY","Zip Code",59113.881229047,"Manhattan",NA,40.80245,-73.9526,"New York","NY","New York",TRUE,NA,38585,44827.6,36061,"New York","{""36061"": ""100""}","New York","36061",FALSE,FALSE,"America/New_York",588351.154714135,4517355.24584281
"10027","10027, New York, NY","Zip Code",47026.950145351,"Manhattan",2230000,40.81184,-73.9534,"New York","NY","New York",TRUE,NA,64988,28875.2,36061,"New York","{""36061"": ""100""}","New York","36061",FALSE,FALSE,"America/New_York",588271.226646408,4518396.80977506
"10028","10028, New York, NY","Zip Code",123576.67237564,"Manhattan",3845000,40.7763,-73.95372,"New York","NY","New York",TRUE,NA,46768,57641.1,36061,"New York","{""36061"": ""100""}","New York","36061",FALSE,FALSE,"America/New_York",588291.311778071,4514451.2541259
"10029","10029, New York, NY","Zip Code",34530.372037574,"Manhattan",1,40.79173,-73.94396,"New York","NY","New York",TRUE,NA,76713,36488.9,36061,"New York","{""36061"": ""100""}","New York","36061",FALSE,FALSE,"America/New_York",589094.307945218,4516173.97919802
"10030","10030, New York, NY","Zip Code",37464.851451109,"Manhattan",2031333.33333333,40.81823,-73.94288,"New York","NY","New York",TRUE,NA,31060,42987.5,36061,"New York","{""36061"": ""100""}","New York","36061",FALSE,FALSE,"America/New_York",589149.952854308,4519116.80277572
"10031","10031, New York, NY","Zip Code",49272.422416613,"Manhattan",2450000,40.82518,-73.95013,"New York","NY","New York",TRUE,NA,59586,35435.2,36061,"New York","{""36061"": ""100""}","New York","36061",FALSE,FALSE,"America/New_York",588529.287031617,4519880.96443835
"10032","10032, New York, NY","Zip Code",49138.36662807,"Manhattan",1387500,40.83884,-73.94279,"New York","NY","New York",TRUE,NA,63214,37277.8,36061,"New York","{""36061"": ""100""}","New York","36061",FALSE,FALSE,"America/New_York",589129.939223723,4521404.78893336
"10033","10033, New York, NY","Zip Code",58175.891845214,"Manhattan",1221900,40.8506,-73.93391,"New York","NY","New York",TRUE,NA,58349,37787.9,36061,"New York","{""36061"": ""100""}","New York","36061",FALSE,FALSE,"America/New_York",589862.707638913,4522719.33082814
"10034","10034, New York, NY","Zip Code",55023.327021247,"Manhattan",1530000,40.86715,-73.9241,"New York","NY","New York",TRUE,NA,42399,15014.2,36061,"New York","{""36061"": ""100""}","New York","36061",FALSE,FALSE,"America/New_York",590667.053017882,4524566.65153927
"10035","10035, New York, NY","Zip Code",29608.709995798,"Manhattan",1125000,40.79551,-73.92967,"New York","NY","New York",TRUE,NA,36048,9771.4,36061,"New York","{""36061"": ""100""}","New York","36061",FALSE,FALSE,"America/New_York",590294.802797824,4516608.20811546
"10036","10036, New York, NY","Zip Code",97529.246317596,"Manhattan",NA,40.75927,-73.98999,"New York","NY","New York",TRUE,NA,28487,25040.6,36061,"New York","{""36061"": ""100""}","New York","36061",FALSE,FALSE,"America/New_York",585252.349299644,4512524.92041697
"10037","10037, New York, NY","Zip Code",44417.328355542,"Manhattan",NA,40.81287,-73.93739,"New York","NY","New York",TRUE,NA,20462,30695.9,36061,"New York","{""36061"": ""100""}","New York","36061",FALSE,FALSE,"America/New_York",589620.161679267,4518527.39486782
"10038","10038, New York, NY","Zip Code",88634.424495385,"Manhattan",3075000,40.70916,-74.00279,"New York","NY","New York",TRUE,NA,23311,30123.9,36061,"New York","{""36061"": ""100""}","New York","36061",FALSE,FALSE,"America/New_York",584235.100272192,4506950.00823316
"10039","10039, New York, NY","Zip Code",38190.01016989,"Manhattan",NA,40.83076,-73.93619,"New York","NY","New York",TRUE,NA,27854,24590.9,36061,"New York","{""36061"": ""100""}","New York","36061",FALSE,FALSE,"America/New_York",589697.263937456,4520514.57113715
"10040","10040, New York, NY","Zip Code",47204.921909314,"Manhattan",945000,40.85821,-73.93053,"New York","NY","New York",TRUE,NA,44800,45321.7,36061,"New York","{""36061"": ""100""}","New York","36061",FALSE,FALSE,"America/New_York",590137.302951028,4523567.58656539
"10044","10044, New York, NY","Zip Code",97829.021273771,"Manhattan",NA,40.76166,-73.95017,"New York","NY","New York",TRUE,NA,12440,20876.5,36061,"New York","{""36061"": ""100""}","New York","36061",FALSE,FALSE,"America/New_York",588610.334158161,4512829.67914556
"10065","10065, New York, NY","Zip Code",129339.86137385,"Manhattan",NA,40.76474,-73.96314,"New York","NY","New York",TRUE,NA,29530,29990.2,36061,"New York","{""36061"": ""100""}","New York","36061",FALSE,FALSE,"America/New_York",587511.549988134,4513158.56531519
"10075","10075, New York, NY","Zip Code",139037.22110411,"Manhattan",NA,40.77335,-73.95622,"New York","NY","New York",TRUE,NA,22252,46636.5,36061,"New York","{""36061"": ""100""}","New York","36061",FALSE,FALSE,"America/New_York",588084.240036136,4514121.26749657
"10128","10128, New York, NY","Zip Code",115302.03192674,"Manhattan",10,40.78138,-73.95016,"New York","NY","New York",TRUE,NA,58636,48612.5,36061,"New York","{""36061"": ""100""}","New York","36061",FALSE,FALSE,"America/New_York",588584.981151815,4515018.76414099
"10280","10280, New York, NY","Zip Code",169828.4464664,"Manhattan",NA,40.71025,-74.01672,"New York","NY","New York",TRUE,NA,9496,31945.9,36061,"New York","{""36061"": ""100""}","New York","36061",FALSE,FALSE,"America/New_York",583057.05031158,4507057.73972602
"10301","10301, Staten Island, NY","Zip Code",54075.323546028,"Staten Island",600182.070921986,40.62846,-74.0962,"Staten Island","NY","New York",TRUE,NA,38280,4165.7,36085,"Richmond","{""36085"": ""100""}","Richmond","36085",FALSE,FALSE,"America/New_York",576436.677147952,4497906.50535752
"10302","10302, Staten Island, NY","Zip Code",64221.339828203,"Staten Island",389729.1875,40.63043,-74.13772,"Staten Island","NY","New York",TRUE,NA,18037,5857.8,36085,"Richmond","{""36085"": ""100""}","Richmond","36085",FALSE,FALSE,"America/New_York",572923.039555093,4498089.94130796
"10303","10303, Staten Island, NY","Zip Code",62975.318195553,"Staten Island",358435.740932642,40.63239,-74.16905,"Staten Island","NY","New York",TRUE,NA,27401,3365.4,36085,"Richmond","{""36085"": ""100""}","Richmond","36085",FALSE,FALSE,"America/New_York",570271.376682612,4498282.01324472
"10304","10304, Staten Island, NY","Zip Code",52804.086770267,"Staten Island",569007.571428571,40.60607,-74.09418,"Staten Island","NY","New York",TRUE,NA,41112,4257.7,36085,"Richmond","{""36085"": ""100""}","Richmond","36085",FALSE,FALSE,"America/New_York",576633.097778888,4495422.87722479
"10305","10305, Staten Island, NY","Zip Code",77480.475642306,"Staten Island",521001.576791809,40.59538,-74.07543,"Staten Island","NY","New York",TRUE,NA,42726,4146.3,36085,"Richmond","{""36085"": ""100""}","Richmond","36085",FALSE,FALSE,"America/New_York",578231.846509391,4494252.73700406
"10306","10306, Staten Island, NY","Zip Code",79886.570052672,"Staten Island",516148.123809524,40.57152,-74.12535,"Staten Island","NY","New York",TRUE,NA,53877,2782.9,36085,"Richmond","{""36085"": ""100""}","Richmond","36085",FALSE,FALSE,"America/New_York",574034.152958236,4491561.03447851
"10307","10307, Staten Island, NY","Zip Code",77778,"Staten Island",662890.423913043,40.50794,-74.23965,"Staten Island","NY","New York",TRUE,NA,14906,3128.8,36085,"Richmond","{""36085"": ""100""}","Richmond","36085",FALSE,FALSE,"America/New_York",564420.090705149,4484413.72964006
"10308","10308, Staten Island, NY","Zip Code",94284.619753309,"Staten Island",537191.927884615,40.55152,-74.15038,"Staten Island","NY","New York",TRUE,NA,29512,5789,36085,"Richmond","{""36085"": ""100""}","Richmond","36085",FALSE,FALSE,"America/New_York",571936.889673043,4489320.23966526
"10309","10309, Staten Island, NY","Zip Code",104786.92300286,"Staten Island",613502.618181818,40.53132,-74.22056,"Staten Island","NY","New York",TRUE,NA,34058,1975.6,36085,"Richmond","{""36085"": ""100""}","Richmond","36085",FALSE,FALSE,"America/New_York",566014.553119747,4487023.07047261
"10310","10310, Staten Island, NY","Zip Code",72688.041966359,"Staten Island",480700.365168539,40.63236,-74.11616,"Staten Island","NY","New York",TRUE,NA,23800,5116.5,36085,"Richmond","{""36085"": ""100""}","Richmond","36085",FALSE,FALSE,"America/New_York",574744.239028799,4498322.27341519
"10312","10312, Staten Island, NY","Zip Code",94526.64626399,"Staten Island",545049.16442953,40.54534,-74.18153,"Staten Island","NY","New York",TRUE,NA,61392,3126.3,36085,"Richmond","{""36085"": ""100""}","Richmond","36085",FALSE,FALSE,"America/New_York",569305.777438266,4488609.28137427
"10314","10314, Staten Island, NY","Zip Code",85285.145617695,"Staten Island",560797.627952756,40.59913,-74.16572,"Staten Island","NY","New York",TRUE,NA,89792,2534.2,36085,"Richmond","{""36085"": ""100""}","Richmond","36085",FALSE,FALSE,"America/New_York",570587.988130573,4494592.68903178
"10451","10451, Bronx, NY","Zip Code",28371.455025592,"Bronx",846000,40.82077,-73.92387,"Bronx","NY","New York",TRUE,NA,48136,18060.2,36005,"Bronx","{""36005"": ""100""}","Bronx","36005",FALSE,FALSE,"America/New_York",590749.68591971,4519418.27632655
"10452","10452, Bronx, NY","Zip Code",28351.480939052,"Bronx",588333.333333333,40.83739,-73.92344,"Bronx","NY","New York",TRUE,NA,75452,29476,36005,"Bronx","{""36005"": ""100""}","Bronx","36005",FALSE,FALSE,"America/New_York",590763.280755521,4521263.69242978
"10453","10453, Bronx, NY","Zip Code",25024.398511014,"Bronx",419000,40.85225,-73.91358,"Bronx","NY","New York",TRUE,NA,81716,34442.7,36005,"Bronx","{""36005"": ""100""}","Bronx","36005",FALSE,FALSE,"America/New_York",591574.118883005,4522923.55428527
"10454","10454, Bronx, NY","Zip Code",21959.056815471,"Bronx",437350,40.80549,-73.91661,"Bronx","NY","New York",TRUE,NA,37212,13709,36005,"Bronx","{""36005"": ""100""}","Bronx","36005",FALSE,FALSE,"America/New_York",591382.895438472,4517729.60492271
"10455","10455, Bronx, NY","Zip Code",26827.250044093,"Bronx",858333.333333333,40.81478,-73.90862,"Bronx","NY","New York",TRUE,NA,41951,22714.2,36005,"Bronx","{""36005"": ""100""}","Bronx","36005",FALSE,FALSE,"America/New_York",592044.016321403,4518769.23631495
"10456","10456, Bronx, NY","Zip Code",27928.097097498,"Bronx",462818.583333333,40.83003,-73.90815,"Bronx","NY","New York",TRUE,NA,92717,35177.8,36005,"Bronx","{""36005"": ""100""}","Bronx","36005",FALSE,FALSE,"America/New_York",592062.563882548,4520462.61767782
"10457","10457, Bronx, NY","Zip Code",27756.646556257,"Bronx",478566.75,40.84713,-73.89871,"Bronx","NY","New York",TRUE,NA,74822,27276.2,36005,"Bronx","{""36005"": ""100""}","Bronx","36005",FALSE,FALSE,"America/New_York",592834.677054492,4522370.83955532
"10458","10458, Bronx, NY","Zip Code",35073.085623121,"Bronx",506625.785714286,40.86244,-73.88826,"Bronx","NY","New York",TRUE,NA,85620,32883.9,36005,"Bronx","{""36005"": ""100""}","Bronx","36005",FALSE,FALSE,"America/New_York",593694.014840941,4524081.52694354
"10459","10459, Bronx, NY","Zip Code",27579.296637133,"Bronx",401552.928571429,40.82585,-73.89289,"Bronx","NY","New York",TRUE,NA,48780,22962.7,36005,"Bronx","{""36005"": ""100""}","Bronx","36005",FALSE,FALSE,"America/New_York",593355.142020945,4520014.74487527
"10460","10460, Bronx, NY","Zip Code",27033.488091836,"Bronx",424650,40.84172,-73.87956,"Bronx","NY","New York",TRUE,NA,59432,17484.9,36005,"Bronx","{""36005"": ""100""}","Bronx","36005",FALSE,FALSE,"America/New_York",594456.662968695,4521790.75082038
"10461","10461, Bronx, NY","Zip Code",57476.311383694,"Bronx",520967.698924731,40.8474,-73.84066,"Bronx","NY","New York",TRUE,NA,49690,8012.2,36005,"Bronx","{""36005"": ""100""}","Bronx","36005",FALSE,FALSE,"America/New_York",597727.776232863,4522463.96016056
"10462","10462, Bronx, NY","Zip Code",52688.429045021,"Bronx",508882.43902439,40.84269,-73.8586,"Bronx","NY","New York",TRUE,NA,75714,19830.2,36005,"Bronx","{""36005"": ""100""}","Bronx","36005",FALSE,FALSE,"America/New_York",596222.288721067,4521921.24247513
"10463","10463, Bronx, NY","Zip Code",59278.9723211,"Manhattan",863475.666666667,40.88077,-73.90662,"Bronx","NY","New York",TRUE,NA,71132,18939,36005,"Bronx","{""36005"": ""87.55"", ""36061"": ""12.45""}","Bronx|New York","36005|36061",FALSE,FALSE,"America/New_York",592121.250602791,4526096.85603429
"10463","10463, Bronx, NY","Zip Code",59278.9723211,"Bronx",863475.666666667,40.88077,-73.90662,"Bronx","NY","New York",TRUE,NA,71132,18939,36005,"Bronx","{""36005"": ""87.55"", ""36061"": ""12.45""}","Bronx|New York","36005|36061",FALSE,FALSE,"America/New_York",592121.250602791,4526096.85603429
"10464","10464, Bronx, NY","Zip Code",93400.073278293,"Bronx",568069.487179487,40.86793,-73.80051,"Bronx","NY","New York",TRUE,NA,4531,503.8,36005,"Bronx","{""36005"": ""100""}","Bronx","36005",FALSE,FALSE,"America/New_York",601081.116836109,4524788.57540959
"10465","10465, Bronx, NY","Zip Code",76007.906776187,"Bronx",456310.31981982,40.82391,-73.82298,"Bronx","NY","New York",TRUE,NA,43671,4963.1,36005,"Bronx","{""36005"": ""100""}","Bronx","36005",FALSE,FALSE,"America/New_York",599253.193409568,4519876.21820366
"10466","10466, Bronx, NY","Zip Code",52184.024182443,"Bronx",387385.933774834,40.89098,-73.84597,"Bronx","NY","New York",TRUE,NA,75039,14388.5,36005,"Bronx","{""36005"": ""100""}","Bronx","36005",FALSE,FALSE,"America/New_York",597216.387238832,4527295.8754093
"10467","10467, Bronx, NY","Zip Code",36507.862500186,"Bronx",427392.761904762,40.88081,-73.87392,"Bronx","NY","New York",TRUE,NA,101255,16738.7,36005,"Bronx","{""36005"": ""100""}","Bronx","36005",FALSE,FALSE,"America/New_York",594876.338504691,4526136.22615225
"10468","10468, Bronx, NY","Zip Code",36269.581328033,"Bronx",832697.625,40.86804,-73.90006,"Bronx","NY","New York",TRUE,NA,78881,28443.9,36005,"Bronx","{""36005"": ""100""}","Bronx","36005",FALSE,FALSE,"America/New_York",592691.719988049,4524690.62298212
"10469","10469, Bronx, NY","Zip Code",63274.428355175,"Bronx",427247.648648649,40.86862,-73.84813,"Bronx","NY","New York",TRUE,NA,72384,11302.3,36005,"Bronx","{""36005"": ""100""}","Bronx","36005",FALSE,FALSE,"America/New_York",597067.087485181,4524811.2849592
"10470","10470, Bronx, NY","Zip Code",56754.463594117,"Bronx",448199.888888889,40.89594,-73.86812,"Bronx","NY","New York",TRUE,NA,15716,4243.6,36005,"Bronx","{""36005"": ""100""}","Bronx","36005",FALSE,FALSE,"America/New_York",595343.296564527,4527822.11761456
"10471","10471, Bronx, NY","Zip Code",86438.818549668,"Bronx",1064999.55769231,40.89947,-73.9018,"Bronx","NY","New York",TRUE,NA,22422,3366.7,36005,"Bronx","{""36005"": ""100""}","Bronx","36005",FALSE,FALSE,"America/New_York",592501.310835613,4528177.83302827
"10472","10472, Bronx, NY","Zip Code",30953.012998585,"Bronx",526847.571428571,40.8295,-73.8694,"Bronx","NY","New York",TRUE,NA,67948,24895.4,36005,"Bronx","{""36005"": ""100""}","Bronx","36005",FALSE,FALSE,"America/New_York",595330.705300545,4520445.21992053
"10473","10473, Bronx, NY","Zip Code",41099.775197836,"Bronx",373512.9,40.81819,-73.85878,"Bronx","NY","New York",TRUE,NA,59579,10755.2,36005,"Bronx","{""36005"": ""100""}","Bronx","36005",FALSE,FALSE,"America/New_York",596242.537496845,4519201.31319586
"10474","10474, Bronx, NY","Zip Code",25569.410114308,"Bronx",NA,40.81066,-73.8844,"Bronx","NY","New York",TRUE,NA,12179,3074.5,36005,"Bronx","{""36005"": ""100""}","Bronx","36005",FALSE,FALSE,"America/New_York",594092.523900583,4518337.59654883
"10475","10475, Bronx, NY","Zip Code",50673.584204052,"Bronx",448500,40.86953,-73.82532,"Bronx","NY","New York",TRUE,NA,42818,9612.7,36005,"Bronx","{""36005"": ""100""}","Bronx","36005",FALSE,FALSE,"America/New_York",598987.949939003,4524937.84416418
"11001",NA,NA,NA,NA,697752.189189189,40.72353,-73.70457,"Floral Park","NY","New York",TRUE,NA,28021,4851.6,36059,"Nassau","{""36059"": ""84.29"", ""36081"": ""15.71""}","Nassau|Queens","36059|36081",FALSE,FALSE,"America/New_York",609403.01853074,4508873.9655781
"11004","11004, Glen Oaks, NY","Zip Code",95898.669950385,"Queens",650238.428571429,40.74628,-73.71148,"Glen Oaks","NY","New York",TRUE,NA,15098,6139.6,36081,"Queens","{""36081"": ""100""}","Queens","36081",FALSE,FALSE,"America/New_York",608782.364918818,4511390.82423601
"11005","11005, Floral Park, NY","Zip Code",58016.2,"Queens",NA,40.75663,-73.71423,"Floral Park","NY","New York",TRUE,NA,1759,3702,36081,"Queens","{""36081"": ""100""}","Queens","36081",FALSE,FALSE,"America/New_York",608533.358664143,4512536.36115943
"11040",NA,NA,NA,NA,645907.285714286,40.7456,-73.67978,"New Hyde Park","NY","New York",TRUE,NA,41592,3355.2,36059,"Nassau","{""36059"": ""94.67"", ""36081"": ""5.33""}","Nassau|Queens","36059|36081",FALSE,FALSE,"America/New_York",611459.820089554,4511355.11331209
"11101","11101, Long Island City, NY","Zip Code",64762.223228495,"Queens",1620000,40.74671,-73.93893,"Long Island City","NY","New York",TRUE,NA,31366,4651.5,36081,"Queens","{""36081"": ""100""}","Queens","36081",FALSE,FALSE,"America/New_York",589579.122171715,4511181.52759354
"11102","11102, Astoria, NY","Zip Code",65199.208072606,"Queens",876883.333333333,40.77238,-73.92611,"Astoria","NY","New York",TRUE,NA,29747,14564.2,36081,"Queens","{""36081"": ""100""}","Queens","36081",FALSE,FALSE,"America/New_York",590626.574632376,4514044.26028117
"11103","11103, Astoria, NY","Zip Code",71153.106201836,"Queens",900895.083333333,40.76266,-73.91349,"Astoria","NY","New York",TRUE,NA,35995,19533.1,36081,"Queens","{""36081"": ""100""}","Queens","36081",FALSE,FALSE,"America/New_York",591704.969699578,4512978.37707347
"11104","11104, Sunnyside, NY","Zip Code",63051.188596367,"Queens",986716.666666667,40.7446,-73.92027,"Sunnyside","NY","New York",TRUE,NA,25114,24986.3,36081,"Queens","{""36081"": ""100""}","Queens","36081",FALSE,FALSE,"America/New_York",591157.371633268,4510966.51406169
"11105","11105, Astoria, NY","Zip Code",73406.836077057,"Queens",995500,40.77887,-73.90622,"Astoria","NY","New York",TRUE,NA,36983,8488.3,36081,"Queens","{""36081"": ""100""}","Queens","36081",FALSE,FALSE,"America/New_York",592296.156986013,4514785.44198022
"11106","11106, Astoria, NY","Zip Code",64323.272721674,"Queens",1008666.66666667,40.76172,-73.93183,"Astoria","NY","New York",TRUE,NA,37690,17023,36081,"Queens","{""36081"": ""100""}","Queens","36081",FALSE,FALSE,"America/New_York",590158.257457628,4512855.02281015
"11201","11201, Brooklyn, NY","Zip Code",126044.67068333,"Brooklyn",2978000,40.69463,-73.98972,"Brooklyn","NY","New York",TRUE,NA,63378,17389.1,36047,"Kings","{""36047"": ""100""}","Kings","36047",FALSE,FALSE,"America/New_York",585357.698944936,4505349.70219214
"11203","11203, Brooklyn, NY","Zip Code",50636.61001078,"Brooklyn",521084.551724138,40.64955,-73.93444,"Brooklyn","NY","New York",TRUE,NA,76085,13695.2,36047,"Kings","{""36047"": ""100""}","Kings","36047",FALSE,FALSE,"America/New_York",590088.998978176,4500400.72141304
"11204","11204, Brooklyn, NY","Zip Code",49480.28962542,"Brooklyn",985240,40.61871,-73.98492,"Brooklyn","NY","New York",TRUE,NA,76395,18573.3,36047,"Kings","{""36047"": ""100""}","Kings","36047",FALSE,FALSE,"America/New_York",585860.540374022,4496926.83677959
"11205","11205, Brooklyn, NY","Zip Code",55766.000819436,"Brooklyn",2226666.66666667,40.69468,-73.96613,"Brooklyn","NY","New York",TRUE,NA,46843,19140.2,36047,"Kings","{""36047"": ""100""}","Kings","36047",FALSE,FALSE,"America/New_York",587350.765171689,4505378.43757242
"11206","11206, Brooklyn, NY","Zip Code",36242.493301651,"Brooklyn",650000,40.70187,-73.94235,"Brooklyn","NY","New York",TRUE,NA,88422,23799.9,36047,"Kings","{""36047"": ""100""}","Kings","36047",FALSE,FALSE,"America/New_York",589350.342428973,4506200.48809115
"11207","11207, Brooklyn, NY","Zip Code",37382.632181993,"Brooklyn",562679.753424658,40.67073,-73.89429,"Brooklyn","NY","New York",TRUE,NA,91083,13161.5,36047,"Kings","{""36047"": ""100""}","Kings","36047",FALSE,FALSE,"America/New_York",593454.023503051,4502793.73571299
"11208","11208, Brooklyn, NY","Zip Code",41445.810205544,"Brooklyn",437511.193181818,40.66855,-73.87103,"Brooklyn","NY","New York",TRUE,NA,101313,10934.1,36047,"Kings","{""36047"": ""100""}","Kings","36047",FALSE,FALSE,"America/New_York",595423.092721789,4502576.73072117
"11209","11209, Brooklyn, NY","Zip Code",73330.531528584,"Brooklyn",1155482.29032258,40.62194,-74.03009,"Brooklyn","NY","New York",TRUE,NA,67782,12332.2,36047,"Kings","{""36047"": ""100""}","Kings","36047",FALSE,FALSE,"America/New_York",582035.826405806,4497242.2898283
"11210","11210, Brooklyn, NY","Zip Code",65957.236549958,"Brooklyn",880494.159663866,40.62821,-73.94627,"Brooklyn","NY","New York",TRUE,NA,64665,15208.5,36047,"Kings","{""36047"": ""100""}","Kings","36047",FALSE,FALSE,"America/New_York",589117.177719492,4498019.81459302
"11211","11211, Brooklyn, NY","Zip Code",72594.853453372,"Brooklyn",1505281.25,40.71244,-73.95299,"Brooklyn","NY","New York",TRUE,NA,103123,17219.3,36047,"Kings","{""36047"": ""100""}","Kings","36047",FALSE,FALSE,"America/New_York",588437.473807005,4507363.0608556
"11212","11212, Brooklyn, NY","Zip Code",25706.282617621,"Brooklyn",414699.66,40.66293,-73.91303,"Brooklyn","NY","New York",TRUE,NA,75605,18970.3,36047,"Kings","{""36047"": ""100""}","Kings","36047",FALSE,FALSE,"America/New_York",591880.804930884,4501908.1336019
"11213","11213, Brooklyn, NY","Zip Code",42537.809344504,"Brooklyn",791564.5,40.67111,-73.9363,"Brooklyn","NY","New York",TRUE,NA,67056,23744,36047,"Kings","{""36047"": ""100""}","Kings","36047",FALSE,FALSE,"America/New_York",589902.786616192,4502792.10394844
"11214","11214, Brooklyn, NY","Zip Code",55690.568367251,"Brooklyn",909943.317073171,40.59866,-73.99636,"Brooklyn","NY","New York",TRUE,NA,92644,16492,36047,"Kings","{""36047"": ""100""}","Kings","36047",FALSE,FALSE,"America/New_York",584918.250906069,4494690.09596397
"11215","11215, Brooklyn, NY","Zip Code",124851.89230504,"Brooklyn",1938963.34285714,40.6626,-73.98678,"Brooklyn","NY","New York",TRUE,NA,69873,12404,36047,"Kings","{""36047"": ""100""}","Kings","36047",FALSE,FALSE,"America/New_York",585647.088755812,4501797.04266339
"11216","11216, Brooklyn, NY","Zip Code",61788.15695985,"Brooklyn",1167625.6875,40.68075,-73.94937,"Brooklyn","NY","New York",TRUE,NA,57786,23866.7,36047,"Kings","{""36047"": ""100""}","Kings","36047",FALSE,FALSE,"America/New_York",588785.314277547,4503848.91741355
"11217","11217, Brooklyn, NY","Zip Code",107959.9213727,"Brooklyn",2317357.14285714,40.68259,-73.97928,"Brooklyn","NY","New York",TRUE,NA,41813,21526,36047,"Kings","{""36047"": ""100""}","Kings","36047",FALSE,FALSE,"America/New_York",586255.304235669,4504023.38286802
"11218","11218, Brooklyn, NY","Zip Code",69886.839749204,"Brooklyn",1343075.93877551,40.64346,-73.97611,"Brooklyn","NY","New York",TRUE,NA,72413,19572.7,36047,"Kings","{""36047"": ""100""}","Kings","36047",FALSE,FALSE,"America/New_York",586573.77216011,4499682.84620344
"11219","11219, Brooklyn, NY","Zip Code",39292.582921618,"Brooklyn",1064947.36842105,40.63267,-73.99669,"Brooklyn","NY","New York",TRUE,NA,89371,23282.7,36047,"Kings","{""36047"": ""100""}","Kings","36047",FALSE,FALSE,"America/New_York",584847.288899379,4498465.04752154
"11220","11220, Brooklyn, NY","Zip Code",46590.259637584,"Brooklyn",1516231.53846154,40.64115,-74.01651,"Brooklyn","NY","New York",TRUE,NA,93170,20614.8,36047,"Kings","{""36047"": ""100""}","Kings","36047",FALSE,FALSE,"America/New_York",583160.613893864,4499387.4430557
"11221","11221, Brooklyn, NY","Zip Code",50626.430964686,"Brooklyn",659740.833333333,40.69136,-73.92787,"Brooklyn","NY","New York",TRUE,NA,83322,23256.1,36047,"Kings","{""36047"": ""100""}","Kings","36047",FALSE,FALSE,"America/New_York",590587.872033645,4505048.63728296
"11222","11222, Brooklyn, NY","Zip Code",85252.472534094,"Brooklyn",1498888.88888889,40.72858,-73.94774,"Brooklyn","NY","New York",TRUE,NA,36872,9276.7,36047,"Kings","{""36047"": ""100""}","Kings","36047",FALSE,FALSE,"America/New_York",588859.463208675,4509160.01204287
"11223","11223, Brooklyn, NY","Zip Code",50097.837340615,"Brooklyn",1020243.1369863,40.59715,-73.97359,"Brooklyn","NY","New York",TRUE,NA,81388,15153.9,36047,"Kings","{""36047"": ""100""}","Kings","36047",FALSE,FALSE,"America/New_York",586846.81259563,4494544.69240682
"11224","11224, Brooklyn, NY","Zip Code",33980.310759107,"Brooklyn",546080.64516129,40.57665,-73.98873,"Brooklyn","NY","New York",TRUE,NA,45795,11148.6,36047,"Kings","{""36047"": ""100""}","Kings","36047",FALSE,FALSE,"America/New_York",585591.896521473,4492254.28102939
"11225","11225, Brooklyn, NY","Zip Code",56379.534123503,"Brooklyn",1127627.17142857,40.66304,-73.95431,"Brooklyn","NY","New York",TRUE,NA,56859,24837.3,36047,"Kings","{""36047"": ""100""}","Kings","36047",FALSE,FALSE,"America/New_York",588391.230084606,4501878.02282484
"11226","11226, Brooklyn, NY","Zip Code",52080.897498577,"Brooklyn",1222400.38095238,40.64639,-73.9568,"Brooklyn","NY","New York",TRUE,NA,99558,29812.3,36047,"Kings","{""36047"": ""100""}","Kings","36047",FALSE,FALSE,"America/New_York",588202.675422227,4500027.2784943
"11228","11228, Brooklyn, NY","Zip Code",66978.303264454,"Brooklyn",973838.692307692,40.61679,-74.013,"Brooklyn","NY","New York",TRUE,NA,44348,11628.6,36047,"Kings","{""36047"": ""100""}","Kings","36047",FALSE,FALSE,"America/New_York",583487.747182202,4496686.68903417
"11229","11229, Brooklyn, NY","Zip Code",61776.982973871,"Brooklyn",732430.232142857,40.60083,-73.94401,"Brooklyn","NY","New York",TRUE,NA,83119,14862.2,36047,"Kings","{""36047"": ""100""}","Kings","36047",FALSE,FALSE,"America/New_York",589344.784962572,4494982.79040445
"11230","11230, Brooklyn, NY","Zip Code",49246.974778973,"Brooklyn",1246539.49038462,40.62214,-73.96506,"Brooklyn","NY","New York",TRUE,NA,86139,18069,36047,"Kings","{""36047"": ""100""}","Kings","36047",FALSE,FALSE,"America/New_York",587535.948366056,4497327.15093568
"11231","11231, Brooklyn, NY","Zip Code",99580.696976599,"Brooklyn",2116158.6875,40.67767,-74.00465,"Brooklyn","NY","New York",TRUE,NA,37874,10286.4,36047,"Kings","{""36047"": ""100""}","Kings","36047",FALSE,FALSE,"America/New_York",584117.580108044,4503452.64370048
"11232","11232, Brooklyn, NY","Zip Code",57450.624200534,"Brooklyn",1215000,40.65632,-74.00563,"Brooklyn","NY","New York",TRUE,NA,26430,8567.8,36047,"Kings","{""36047"": ""100""}","Kings","36047",FALSE,FALSE,"America/New_York",584061.564632157,4501081.73642742
"11233","11233, Brooklyn, NY","Zip Code",39602.761137147,"Brooklyn",565250,40.6783,-73.91995,"Brooklyn","NY","New York",TRUE,NA,79439,22739.5,36047,"Kings","{""36047"": ""100""}","Kings","36047",FALSE,FALSE,"America/New_York",591274.888862101,4503607.08904685
"11234","11234, Brooklyn, NY","Zip Code",83373.01742793,"Brooklyn",666900.014084507,40.60602,-73.91071,"Brooklyn","NY","New York",TRUE,NA,93534,4873.7,36047,"Kings","{""36047"": ""100""}","Kings","36047",FALSE,FALSE,"America/New_York",592155.140809096,4495593.23668186
"11235","11235, Brooklyn, NY","Zip Code",53018.690407301,"Brooklyn",820464.492063492,40.58402,-73.9488,"Brooklyn","NY","New York",TRUE,NA,78775,13552.3,36047,"Kings","{""36047"": ""100""}","Kings","36047",FALSE,FALSE,"America/New_York",588961.785839627,4493111.953822
"11236","11236, Brooklyn, NY","Zip Code",67112.642243147,"Brooklyn",470111.679104478,40.63958,-73.90107,"Brooklyn","NY","New York",TRUE,NA,100844,10818.5,36047,"Kings","{""36047"": ""100""}","Kings","36047",FALSE,FALSE,"America/New_York",592924.184584966,4499328.71409321
"11237","11237, Brooklyn, NY","Zip Code",52999.048279425,"Brooklyn",1,40.70429,-73.92107,"Brooklyn","NY","New York",TRUE,NA,48876,19182.7,36047,"Kings","{""36047"": ""100""}","Kings","36047",FALSE,FALSE,"America/New_York",591144.810801714,4506490.98591696
"11238","11238, Brooklyn, NY","Zip Code",85502.134535324,"Brooklyn",2020625,40.67913,-73.96384,"Brooklyn","NY","New York",TRUE,NA,55210,19264.1,36047,"Kings","{""36047"": ""100""}","Kings","36047",FALSE,FALSE,"America/New_York",587564.601395778,4503654.57030195
"11239","11239, Brooklyn, NY","Zip Code",25658.4,"Brooklyn",533178.210526316,40.64844,-73.87969,"Brooklyn","NY","New York",TRUE,NA,12772,7988.9,36047,"Kings","{""36047"": ""100""}","Kings","36047",FALSE,FALSE,"America/New_York",594719.558807565,4500335.0327783
"11354","11354, Flushing, NY","Zip Code",42320.608178989,"Queens",924959.357142857,40.76863,-73.82739,"Flushing","NY","New York",TRUE,NA,53684,9516,36081,"Queens","{""36081"": ""100""}","Queens","36081",FALSE,FALSE,"America/New_York",598963.377653377,4513734.65504171
"11355","11355, Flushing, NY","Zip Code",38155.10101953,"Queens",913605.829268293,40.75148,-73.82092,"Flushing","NY","New York",TRUE,NA,80987,18020.1,36081,"Queens","{""36081"": ""100""}","Queens","36081",FALSE,FALSE,"America/New_York",599535.012617157,4511838.18031902
"11356","11356, College Point, NY","Zip Code",60397.477037051,"Queens",646256.12,40.78497,-73.84165,"College Point","NY","New York",TRUE,NA,23494,5752.6,36081,"Queens","{""36081"": ""100""}","Queens","36081",FALSE,FALSE,"America/New_York",597735.914901279,4515532.54630908
"11357","11357, Whitestone, NY","Zip Code",84172.824908363,"Queens",990790.981042654,40.78636,-73.81097,"Whitestone","NY","New York",TRUE,NA,39407,5413.2,36081,"Queens","{""36081"": ""100""}","Queens","36081",FALSE,FALSE,"America/New_York",600322.505937037,4515721.49296995
"11358","11358, Flushing, NY","Zip Code",65506.647435759,"Queens",881265.729032258,40.76044,-73.79632,"Flushing","NY","New York",TRUE,NA,36515,7234.8,36081,"Queens","{""36081"": ""100""}","Queens","36081",FALSE,FALSE,"America/New_York",601598.085593374,4512861.00850131
"11359","11359, Bayside, NY","Zip Code",NA,"Queens",NA,40.79142,-73.77665,"Bayside","NY","New York",TRUE,NA,0,0,36081,"Queens","{""36081"": ""0""}","Queens","36081",FALSE,FALSE,"America/New_York",603210.42949581,4516323.02779947
"11360","11360, Bayside, NY","Zip Code",86789.399309043,"Queens",1016878.01923077,40.78039,-73.78148,"Bayside","NY","New York",TRUE,NA,18954,5251.8,36081,"Queens","{""36081"": ""100""}","Queens","36081",FALSE,FALSE,"America/New_York",602819.940434734,4515092.9236762
"11361","11361, Bayside, NY","Zip Code",85986.559696095,"Queens",885698.820512821,40.76383,-73.77237,"Bayside","NY","New York",TRUE,NA,27201,5948.6,36081,"Queens","{""36081"": ""100""}","Queens","36081",FALSE,FALSE,"America/New_York",603614.395140687,4513265.3364073
"11362","11362, Little Neck, NY","Zip Code",87523.426170234,"Queens",974584.247058823,40.7565,-73.73686,"Little Neck","NY","New York",TRUE,NA,18343,2798.6,36081,"Queens","{""36081"": ""100""}","Queens","36081",FALSE,FALSE,"America/New_York",606623.29473839,4512494.18526271
"11363","11363, Little Neck, NY","Zip Code",103313.50310448,"Queens",963024.946428571,40.77268,-73.74671,"Little Neck","NY","New York",TRUE,NA,7096,3185.1,36081,"Queens","{""36081"": ""100""}","Queens","36081",FALSE,FALSE,"America/New_York",605766.165825858,4514278.38709797
"11364","11364, Oakland Gardens, NY","Zip Code",75242.919409592,"Queens",859317.949275362,40.74532,-73.76068,"Oakland Gardens","NY","New York",TRUE,NA,36215,5666.4,36081,"Queens","{""36081"": ""100""}","Queens","36081",FALSE,FALSE,"America/New_York",604630.09632465,4511224.43817412
"11365","11365, Fresh Meadows, NY","Zip Code",66644.052448287,"Queens",847631.260869565,40.73976,-73.79486,"Fresh Meadows","NY","New York",TRUE,NA,44738,6912.8,36081,"Queens","{""36081"": ""100""}","Queens","36081",FALSE,FALSE,"America/New_York",601752.845284911,4510567.04757962
"11366","11366, Fresh Meadows, NY","Zip Code",77391.2,"Queens",805410.176470588,40.72817,-73.78491,"Fresh Meadows","NY","New York",TRUE,NA,14360,5072.6,36081,"Queens","{""36081"": ""100""}","Queens","36081",FALSE,FALSE,"America/New_York",602610.773821574,4509292.04537908
"11367","11367, Flushing, NY","Zip Code",59402.29598316,"Queens",781422.232323232,40.73041,-73.82623,"Flushing","NY","New York",TRUE,NA,41207,6754.8,36081,"Queens","{""36081"": ""100""}","Queens","36081",FALSE,FALSE,"America/New_York",599118.022353318,4509493.23304302
"11368","11368, Corona, NY","Zip Code",50394.748126876,"Queens",722750,40.74959,-73.8526,"Corona","NY","New York",TRUE,NA,112088,16458.1,36081,"Queens","{""36081"": ""100""}","Queens","36081",FALSE,FALSE,"America/New_York",596863.354174925,4511592.92653133
"11369","11369, East Elmhurst, NY","Zip Code",53578.8,"Queens",653418.144329897,40.76339,-73.87238,"East Elmhurst","NY","New York",TRUE,NA,31481,11147.9,36081,"Queens","{""36081"": ""100""}","Queens","36081",FALSE,FALSE,"America/New_York",595173.811391172,4513103.19388384
"11370","11370, East Elmhurst, NY","Zip Code",64194.644930111,"Queens",751368.684210526,40.77568,-73.88738,"East Elmhurst","NY","New York",TRUE,NA,31580,8181.6,36081,"Queens","{""36081"": ""72.05"", ""36005"": ""27.95""}","Queens|Bronx","36081|36005",FALSE,FALSE,"America/New_York",593890.449159476,4514451.32113761
"11372","11372, Jackson Heights, NY","Zip Code",57516.789477343,"Queens",977782.263157895,40.75166,-73.88361,"Jackson Heights","NY","New York",TRUE,NA,62854,32758.7,36081,"Queens","{""36081"": ""100""}","Queens","36081",FALSE,FALSE,"America/New_York",594242.520750518,4511788.94943575
"11373","11373, Elmhurst, NY","Zip Code",50510.847236223,"Queens",811808.098039216,40.73886,-73.87858,"Elmhurst","NY","New York",TRUE,NA,94437,23954.7,36081,"Queens","{""36081"": ""100""}","Queens","36081",FALSE,FALSE,"America/New_York",594685.301560294,4510373.46390686
"11374","11374, Rego Park, NY","Zip Code",62720.643499305,"Queens",806311.777777778,40.72652,-73.8615,"Rego Park","NY","New York",TRUE,NA,43507,17812.4,36081,"Queens","{""36081"": ""100""}","Queens","36081",FALSE,FALSE,"America/New_York",596145.21616403,4509022.19346489
"11375","11375, Forest Hills, NY","Zip Code",80044.564313417,"Queens",1289240.4453125,40.72092,-73.84611,"Forest Hills","NY","New York",TRUE,NA,73034,14175.6,36081,"Queens","{""36081"": ""100""}","Queens","36081",FALSE,FALSE,"America/New_York",597453.081882955,4508417.51733506
"11377","11377, Woodside, NY","Zip Code",57298.030694047,"Queens",764567.5,40.74482,-73.90522,"Woodside","NY","New York",TRUE,NA,83825,12758.9,36081,"Queens","{""36081"": ""100""}","Queens","36081",FALSE,FALSE,"America/New_York",592427.702588258,4511006.6751321
"11378","11378, Maspeth, NY","Zip Code",74070.998584768,"Queens",691356.592105263,40.72467,-73.90954,"Maspeth","NY","New York",TRUE,NA,38524,5772.2,36081,"Queens","{""36081"": ""100""}","Queens","36081",FALSE,FALSE,"America/New_York",592090.759846415,4508765.33603157
"11379","11379, Middle Village, NY","Zip Code",83408.319844421,"Queens",729138.104,40.71676,-73.87953,"Middle Village","NY","New York",TRUE,NA,37991,7069.8,36081,"Queens","{""36081"": ""100""}","Queens","36081",FALSE,FALSE,"America/New_York",594636.394882944,4507919.1754233
"11385","11385, Ridgewood, NY","Zip Code",72181.334910121,"Queens",681488.043010753,40.70102,-73.89013,"Ridgewood","NY","New York",TRUE,NA,107796,11510.4,36081,"Queens","{""36081"": ""100""}","Queens","36081",FALSE,FALSE,"America/New_York",593763.165252176,4506160.55636584
"11411","11411, Cambria Heights, NY","Zip Code",92719.356845905,"Queens",433231.27173913,40.694,-73.73619,"Cambria Heights","NY","New York",TRUE,NA,20719,6848.9,36081,"Queens","{""36081"": ""100""}","Queens","36081",FALSE,FALSE,"America/New_York",606779.713828327,4505556.98378495
"11412","11412, Saint Albans, NY","Zip Code",78222.41338911,"Queens",445703.217261905,40.69811,-73.75896,"Saint Albans","NY","New York",TRUE,NA,37857,8874.3,36081,"Queens","{""36081"": ""100""}","Queens","36081",FALSE,FALSE,"America/New_York",604849.378368957,4505985.80035861
"11413","11413, Springfield Gardens, NY","Zip Code",85894.764012702,"Queens",438053.614886731,40.66992,-73.7509,"Springfield Gardens","NY","New York",TRUE,NA,41650,5180.5,36081,"Queens","{""36081"": ""100""}","Queens","36081",FALSE,FALSE,"America/New_York",605574.824348825,4502866.15248686
"11414","11414, Howard Beach, NY","Zip Code",72790.703071522,"Queens",634691.105263158,40.65809,-73.84495,"Howard Beach","NY","New York",TRUE,NA,28313,4728.1,36081,"Queens","{""36081"": ""100""}","Queens","36081",FALSE,FALSE,"America/New_York",597642.733101612,4501444.24046274
"11415","11415, Kew Gardens, NY","Zip Code",67760.197737617,"Queens",931815,40.70795,-73.82816,"Kew Gardens","NY","New York",TRUE,NA,18891,12887.6,36081,"Queens","{""36081"": ""100""}","Queens","36081",FALSE,FALSE,"America/New_York",598988.31156809,4506997.82589935
"11416","11416, Ozone Park, NY","Zip Code",66083.691726677,"Queens",541261.837209302,40.68458,-73.8496,"Ozone Park","NY","New York",TRUE,NA,26744,15604.8,36081,"Queens","{""36081"": ""100""}","Queens","36081",FALSE,FALSE,"America/New_York",597211.15128105,4504379.65061645
"11417","11417, Ozone Park, NY","Zip Code",74225.406150054,"Queens",544848.444444444,40.67637,-73.84441,"Ozone Park","NY","New York",TRUE,NA,31321,10806.2,36081,"Queens","{""36081"": ""100""}","Queens","36081",FALSE,FALSE,"America/New_York",597661.709152137,4503474.03933254
"11418","11418, Richmond Hill, NY","Zip Code",67709.783254788,"Queens",608732.246376812,40.70019,-73.83611,"Richmond Hill","NY","New York",TRUE,NA,38405,9088.4,36081,"Queens","{""36081"": ""100""}","Queens","36081",FALSE,FALSE,"America/New_York",598328.154081234,4506127.48063437
"11419","11419, South Richmond Hill, NY","Zip Code",71391.48636377,"Queens",532137.86440678,40.68863,-73.82297,"South Richmond Hill","NY","New York",TRUE,NA,48369,16683,36081,"Queens","{""36081"": ""100""}","Queens","36081",FALSE,FALSE,"America/New_York",599455.466532553,4504859.02846015
"11420","11420, South Ozone Park, NY","Zip Code",68920.591472813,"Queens",484545.392,40.67358,-73.81787,"South Ozone Park","NY","New York",TRUE,NA,47470,8822.6,36081,"Queens","{""36081"": ""100""}","Queens","36081",FALSE,FALSE,"America/New_York",599908.882144756,4503194.15913889
"11421","11421, Woodhaven, NY","Zip Code",72458.148050746,"Queens",532615.480769231,40.69401,-73.85869,"Woodhaven","NY","New York",TRUE,NA,41251,12345,36081,"Queens","{""36081"": ""100""}","Queens","36081",FALSE,FALSE,"America/New_York",596429.415932564,4505416.42935813
"11422","11422, Rosedale, NY","Zip Code",89171.112088652,"Queens",474331.602564103,40.66041,-73.73626,"Rosedale","NY","New York",TRUE,NA,32761,6311.1,36081,"Queens","{""36081"": ""100""}","Queens","36081",FALSE,FALSE,"America/New_York",606827.413580892,4501828.16112327
"11423","11423, Hollis, NY","Zip Code",70780.496600853,"Queens",659052.46969697,40.71561,-73.76843,"Hollis","NY","New York",TRUE,NA,30104,8212.3,36081,"Queens","{""36081"": ""100""}","Queens","36081",FALSE,FALSE,"America/New_York",604022.048200387,4507917.17607944
"11426","11426, Bellerose, NY","Zip Code",87848.820115515,"Queens",617046.153846154,40.73646,-73.72237,"Bellerose","NY","New York",TRUE,NA,20524,5873.7,36081,"Queens","{""36081"": ""100""}","Queens","36081",FALSE,FALSE,"America/New_York",607878.828834009,4510287.2784813
"11427","11427, Queens Village, NY","Zip Code",74401.752000937,"Queens",650136.358974359,40.73097,-73.74553,"Queens Village","NY","New York",TRUE,NA,24560,5997.9,36081,"Queens","{""36081"": ""100""}","Queens","36081",FALSE,FALSE,"America/New_York",605931.936568693,4509649.63844294
"11428","11428, Queens Village, NY","Zip Code",73666.442128301,"Queens",540636.957264957,40.72098,-73.74227,"Queens Village","NY","New York",TRUE,NA,18836,8745.4,36081,"Queens","{""36081"": ""100""}","Queens","36081",FALSE,FALSE,"America/New_York",606223.114665158,4508544.60494443
"11429","11429, Queens Village, NY","Zip Code",84744.426879607,"Queens",465515.12755102,40.70978,-73.7387,"Queens Village","NY","New York",TRUE,NA,27454,8192.7,36081,"Queens","{""36081"": ""100""}","Queens","36081",FALSE,FALSE,"America/New_York",606542.486829026,4507305.63945369
"11432","11432, Jamaica, NY","Zip Code",55790.070175168,"Queens",950480.630434783,40.71529,-73.79306,"Jamaica","NY","New York",TRUE,NA,64299,11550.3,36081,"Queens","{""36081"": ""100""}","Queens","36081",FALSE,FALSE,"America/New_York",601942.166695589,4507852.77148873
"11433","11433, Jamaica, NY","Zip Code",51470.023764275,"Queens",418851.122222222,40.69813,-73.78684,"Jamaica","NY","New York",TRUE,NA,37021,9225.6,36081,"Queens","{""36081"": ""100""}","Queens","36081",FALSE,FALSE,"America/New_York",602493.849336853,4505955.11993313
"11434","11434, Jamaica, NY","Zip Code",62013.012793777,"Queens",453059.358090186,40.67677,-73.77626,"Jamaica","NY","New York",TRUE,NA,64304,7596.4,36081,"Queens","{""36081"": ""100""}","Queens","36081",FALSE,FALSE,"America/New_York",603420.742256565,4503596.40111908
"11435","11435, Jamaica, NY","Zip Code",63846.373803895,"Queens",522263.119266055,40.70138,-73.80968,"Jamaica","NY","New York",TRUE,NA,59605,15055.8,36081,"Queens","{""36081"": ""100""}","Queens","36081",FALSE,FALSE,"America/New_York",600559.280701641,4506289.49797994
"11436","11436, Jamaica, NY","Zip Code",75053.038670777,"Queens",417844.465517241,40.67577,-73.79672,"Jamaica","NY","New York",TRUE,NA,19167,9329.6,36081,"Queens","{""36081"": ""100""}","Queens","36081",FALSE,FALSE,"America/New_York",601693.106911997,4503461.51997343
"11691","11691, Far Rockaway, NY","Zip Code",45498.727267057,"Queens",483132.913043478,40.60138,-73.76103,"Far Rockaway","NY","New York",TRUE,NA,68543,9613.5,36081,"Queens","{""36081"": ""100""}","Queens","36081",FALSE,FALSE,"America/New_York",604825.771841399,4495245.65319541
"11692","11692, Arverne, NY","Zip Code",45704.825848188,"Queens",371838.36,40.59369,-73.79231,"Arverne","NY","New York",TRUE,NA,22074,8501,36081,"Queens","{""36081"": ""100""}","Queens","36081",FALSE,FALSE,"America/New_York",602190.907882502,4494355.24034582
"11693","11693, Far Rockaway, NY","Zip Code",59907.163873573,"Queens",344244.674418605,40.5965,-73.81676,"Far Rockaway","NY","New York",TRUE,NA,12944,5068.3,36081,"Queens","{""36081"": ""100""}","Queens","36081",FALSE,FALSE,"America/New_York",600117.787788274,4494639.072408
"11694","11694, Rockaway Park, NY","Zip Code",80956.640093775,"Queens",902621.58,40.57775,-73.84386,"Rockaway Park","NY","New York",TRUE,NA,21202,6126.2,36081,"Queens","{""36081"": ""100""}","Queens","36081",FALSE,FALSE,"America/New_York",597852.047680875,4492527.26134042
"11697","11697, Breezy Point, NY","Zip Code",107879.27381419,"Queens",477219.642857143,40.55951,-73.9066,"Breezy Point","NY","New York",TRUE,NA,3674,546.5,36081,"Queens","{""36081"": ""100""}","Queens","36081",FALSE,FALSE,"America/New_York",592566.960338415,4490434.72483016
